CallIdx,Len,Overrun,CumulativeLen
1,20000,0,20000
2,20000,0,40000
3,20000,0,60000
4,20000,0,80000
5,20000,0,100000
6,20000,0,120000
7,20000,0,140000
8,20000,0,160000
9,20000,0,180000
10,20000,0,200000
11,20000,0,220000
12,20000,0,240000
13,20000,0,260000
14,20000,0,280000
15,20000,0,300000
16,20000,0,320000
17,20000,0,340000
18,20000,0,360000
19,20000,0,380000
20,20000,0,400000
21,20000,0,420000
22,20000,0,440000
23,20000,0,460000
24,20000,0,480000
25,20000,0,500000
26,20000,0,520000
27,20000,0,540000
28,20000,0,560000
29,20000,0,580000
30,20000,0,600000
31,20000,0,620000
32,20000,0,640000
33,20000,0,660000
34,20000,0,680000
35,20000,0,700000
36,20000,0,720000
37,20000,0,740000
38,20000,0,760000
39,20000,0,780000
40,20000,0,800000
41,20000,0,820000
42,20000,0,840000
43,20000,0,860000
44,20000,0,880000
45,20000,0,900000
46,20000,0,920000
47,20000,0,940000
48,20000,0,960000
49,20000,0,980000
50,20000,0,1000000
51,20000,0,1020000
52,20000,0,1040000
53,20000,0,1060000
54,20000,0,1080000
55,20000,0,1100000
56,20000,0,1120000
57,20000,0,1140000
58,20000,0,1160000
59,20000,0,1180000
60,20000,0,1200000
61,20000,0,1220000
62,20000,0,1240000
63,20000,0,1260000
64,20000,0,1280000
65,20000,0,1300000
66,20000,0,1320000
67,20000,0,1340000
68,20000,0,1360000
69,20000,0,1380000
70,20000,0,1400000
71,20000,0,1420000
72,20000,0,1440000
73,20000,0,1460000
74,20000,0,1480000
75,20000,0,1500000
76,20000,0,1520000
77,20000,0,1540000
78,20000,0,1560000
79,20000,0,1580000
80,20000,0,1600000
81,20000,0,1620000
82,20000,0,1640000
83,20000,0,1660000
84,20000,0,1680000
85,20000,0,1700000
86,20000,0,1720000
87,20000,0,1740000
88,20000,0,1760000
89,20000,0,1780000
90,20000,0,1800000
91,20000,0,1820000
92,20000,0,1840000
93,20000,0,1860000
94,20000,0,1880000
95,20000,0,1900000
96,20000,0,1920000
97,20000,0,1940000
98,20000,0,1960000
99,20000,0,1980000
100,20000,0,2000000
101,20000,0,2020000
102,20000,0,2040000
103,20000,0,2060000
104,20000,0,2080000
105,20000,0,2100000
106,20000,0,2120000
107,20000,0,2140000
108,20000,0,2160000
109,20000,0,2180000
110,20000,0,2200000
111,20000,0,2220000
112,20000,0,2240000
113,20000,0,2260000
114,20000,0,2280000
115,20000,0,2300000
116,20000,0,2320000
117,20000,0,2340000
118,20000,0,2360000
119,20000,0,2380000
120,20000,0,2400000
121,20000,0,2420000
122,20000,0,2440000
123,20000,0,2460000
124,20000,0,2480000
125,20000,0,2500000
126,20000,0,2520000
127,20000,0,2540000
128,20000,0,2560000
129,20000,0,2580000
130,20000,0,2600000
131,20000,0,2620000
132,20000,0,2640000
133,20000,0,2660000
134,20000,0,2680000
135,20000,0,2700000
136,20000,0,2720000
137,20000,0,2740000
138,20000,0,2760000
139,20000,0,2780000
140,20000,0,2800000
141,20000,0,2820000
142,20000,0,2840000
143,20000,0,2860000
144,20000,0,2880000
145,20000,0,2900000
146,20000,0,2920000
147,20000,0,2940000
148,20000,0,2960000
149,20000,0,2980000
150,20000,0,3000000
151,20000,0,3020000
152,20000,0,3040000
153,20000,0,3060000
154,20000,0,3080000
155,20000,0,3100000
156,20000,0,3120000
157,20000,0,3140000
158,20000,0,3160000
159,20000,0,3180000
160,20000,0,3200000
161,20000,0,3220000
162,20000,0,3240000
163,20000,0,3260000
164,20000,0,3280000
165,20000,0,3300000
166,20000,0,3320000
167,20000,0,3340000
168,20000,0,3360000
169,20000,0,3380000
170,20000,0,3400000
171,20000,0,3420000
172,20000,0,3440000
173,20000,0,3460000
174,20000,0,3480000
175,20000,0,3500000
176,20000,0,3520000
177,20000,0,3540000
178,20000,0,3560000
179,20000,0,3580000
180,20000,0,3600000
181,20000,0,3620000
182,20000,0,3640000
183,20000,0,3660000
184,20000,0,3680000
185,20000,0,3700000
186,20000,0,3720000
187,20000,0,3740000
188,20000,0,3760000
189,20000,0,3780000
190,20000,0,3800000
191,20000,0,3820000
192,20000,0,3840000
193,20000,0,3860000
194,20000,0,3880000
195,20000,0,3900000
196,20000,0,3920000
197,20000,0,3940000
198,20000,0,3960000
199,20000,0,3980000
200,20000,0,4000000
201,20000,0,4020000
202,20000,0,4040000
203,20000,0,4060000
204,20000,0,4080000
205,20000,0,4100000
206,20000,0,4120000
207,20000,0,4140000
208,20000,0,4160000
209,20000,0,4180000
210,20000,0,4200000
211,20000,0,4220000
212,20000,0,4240000
213,20000,0,4260000
214,20000,0,4280000
215,20000,0,4300000
216,20000,0,4320000
217,20000,0,4340000
218,20000,0,4360000
219,20000,0,4380000
220,20000,0,4400000
221,20000,0,4420000
222,20000,0,4440000
223,20000,0,4460000
224,20000,0,4480000
225,20000,0,4500000
226,20000,0,4520000
227,20000,0,4540000
228,20000,0,4560000
229,20000,0,4580000
230,20000,0,4600000
231,20000,0,4620000
232,20000,0,4640000
233,20000,0,4660000
234,20000,0,4680000
235,20000,0,4700000
236,20000,0,4720000
237,20000,0,4740000
238,20000,0,4760000
239,20000,0,4780000
240,20000,0,4800000
241,20000,0,4820000
242,20000,0,4840000
243,20000,0,4860000
244,20000,0,4880000
245,20000,0,4900000
246,9650,1,4909650
247,20000,0,4929650
248,20000,0,4949650
249,20000,0,4969650
250,20000,0,4989650
251,20000,0,5009650
252,20000,0,5029650
253,20000,0,5049650
254,20000,0,5069650
255,20000,0,5089650
256,20000,0,5109650
257,20000,0,5129650
258,20000,0,5149650
259,20000,0,5169650
260,20000,0,5189650
261,20000,0,5209650
262,20000,0,5229650
263,20000,0,5249650
264,20000,0,5269650
265,20000,0,5289650
266,20000,0,5309650
267,20000,0,5329650
268,20000,0,5349650
269,20000,0,5369650
270,20000,0,5389650
271,20000,0,5409650
272,20000,0,5429650
273,20000,0,5449650
274,20000,0,5469650
275,20000,0,5489650
276,20000,0,5509650
277,20000,0,5529650
278,20000,0,5549650
279,20000,0,5569650
280,20000,0,5589650
281,20000,0,5609650
282,20000,0,5629650
283,20000,0,5649650
284,20000,0,5669650
285,20000,0,5689650
286,20000,0,5709650
287,20000,0,5729650
288,20000,0,5749650
289,20000,0,5769650
290,20000,0,5789650
291,20000,0,5809650
292,20000,0,5829650
293,20000,0,5849650
294,20000,0,5869650
295,20000,0,5889650
296,20000,0,5909650
297,20000,0,5929650
298,20000,0,5949650
299,20000,0,5969650
300,20000,0,5989650
301,20000,0,6009650
302,20000,0,6029650
303,20000,0,6049650
304,20000,0,6069650
305,20000,0,6089650
306,20000,0,6109650
307,20000,0,6129650
308,20000,0,6149650
309,20000,0,6169650
310,20000,0,6189650
311,20000,0,6209650
312,20000,0,6229650
313,20000,0,6249650
314,20000,0,6269650
315,20000,0,6289650
316,20000,0,6309650
317,20000,0,6329650
318,20000,0,6349650
319,20000,0,6369650
320,20000,0,6389650
321,20000,0,6409650
322,20000,0,6429650
323,20000,0,6449650
324,20000,0,6469650
325,20000,0,6489650
326,20000,0,6509650
327,20000,0,6529650
328,20000,0,6549650
329,20000,0,6569650
330,20000,0,6589650
331,20000,0,6609650
332,20000,0,6629650
333,20000,0,6649650
334,20000,0,6669650
335,20000,0,6689650
336,20000,0,6709650
337,20000,0,6729650
338,20000,0,6749650
339,20000,0,6769650
340,20000,0,6789650
341,20000,0,6809650
342,20000,0,6829650
343,20000,0,6849650
344,20000,0,6869650
345,20000,0,6889650
346,20000,0,6909650
347,20000,0,6929650
348,20000,0,6949650
349,20000,0,6969650
350,20000,0,6989650
351,20000,0,7009650
352,20000,0,7029650
353,20000,0,7049650
354,20000,0,7069650
355,20000,0,7089650
356,20000,0,7109650
357,20000,0,7129650
358,20000,0,7149650
359,20000,0,7169650
360,20000,0,7189650
361,20000,0,7209650
362,20000,0,7229650
363,20000,0,7249650
364,20000,0,7269650
365,20000,0,7289650
366,20000,0,7309650
367,20000,0,7329650
368,20000,0,7349650
369,20000,0,7369650
370,20000,0,7389650
371,20000,0,7409650
372,20000,0,7429650
373,20000,0,7449650
374,20000,0,7469650
375,20000,0,7489650
376,20000,0,7509650
377,20000,0,7529650
378,20000,0,7549650
379,20000,0,7569650
380,20000,0,7589650
381,20000,0,7609650
382,20000,0,7629650
383,20000,0,7649650
384,20000,0,7669650
385,20000,0,7689650
386,20000,0,7709650
387,20000,0,7729650
388,20000,0,7749650
389,20000,0,7769650
390,20000,0,7789650
391,20000,0,7809650
392,20000,0,7829650
393,20000,0,7849650
394,20000,0,7869650
395,20000,0,7889650
396,20000,0,7909650
397,20000,0,7929650
398,20000,0,7949650
399,20000,0,7969650
400,20000,0,7989650
401,20000,0,8009650
402,20000,0,8029650
403,20000,0,8049650
404,20000,0,8069650
405,20000,0,8089650
406,20000,0,8109650
407,20000,0,8129650
408,20000,0,8149650
409,20000,0,8169650
410,20000,0,8189650
411,20000,0,8209650
412,20000,0,8229650
413,20000,0,8249650
414,20000,0,8269650
415,20000,0,8289650
416,20000,0,8309650
417,20000,0,8329650
418,20000,0,8349650
419,20000,0,8369650
420,20000,0,8389650
421,20000,0,8409650
422,20000,0,8429650
423,20000,0,8449650
424,20000,0,8469650
425,20000,0,8489650
426,20000,0,8509650
427,20000,0,8529650
428,20000,0,8549650
429,20000,0,8569650
430,20000,0,8589650
431,20000,0,8609650
432,20000,0,8629650
433,20000,0,8649650
434,20000,0,8669650
435,20000,0,8689650
436,20000,0,8709650
437,20000,0,8729650
438,20000,0,8749650
439,20000,0,8769650
440,20000,0,8789650
441,20000,0,8809650
442,20000,0,8829650
443,20000,0,8849650
444,20000,0,8869650
445,20000,0,8889650
446,20000,0,8909650
447,20000,0,8929650
448,20000,0,8949650
449,20000,0,8969650
450,20000,0,8989650
451,20000,0,9009650
452,20000,0,9029650
453,20000,0,9049650
454,20000,0,9069650
455,20000,0,9089650
456,20000,0,9109650
457,20000,0,9129650
458,20000,0,9149650
459,20000,0,9169650
460,20000,0,9189650
461,20000,0,9209650
462,20000,0,9229650
463,20000,0,9249650
464,20000,0,9269650
465,20000,0,9289650
466,20000,0,9309650
467,20000,0,9329650
468,20000,0,9349650
469,20000,0,9369650
470,20000,0,9389650
471,20000,0,9409650
472,20000,0,9429650
473,20000,0,9449650
474,20000,0,9469650
475,20000,0,9489650
476,20000,0,9509650
477,20000,0,9529650
478,20000,0,9549650
479,20000,0,9569650
480,20000,0,9589650
481,20000,0,9609650
482,20000,0,9629650
483,20000,0,9649650
484,20000,0,9669650
485,20000,0,9689650
486,20000,0,9709650
487,20000,0,9729650
488,20000,0,9749650
489,20000,0,9769650
490,20000,0,9789650
491,20000,0,9809650
492,20000,0,9829650
493,20000,0,9849650
494,20000,0,9869650
495,20000,0,9889650
496,20000,0,9909650
497,20000,0,9929650
498,20000,0,9949650
499,20000,0,9969650
500,20000,0,9989650
501,20000,0,10009650
502,20000,0,10029650
503,20000,0,10049650
504,20000,0,10069650
505,20000,0,10089650
506,20000,0,10109650
507,20000,0,10129650
508,20000,0,10149650
509,20000,0,10169650
510,20000,0,10189650
511,20000,0,10209650
512,20000,0,10229650
513,20000,0,10249650
514,20000,0,10269650
515,20000,0,10289650
516,20000,0,10309650
517,20000,0,10329650
518,20000,0,10349650
519,20000,0,10369650
520,20000,0,10389650
521,20000,0,10409650
522,20000,0,10429650
523,20000,0,10449650
524,20000,0,10469650
525,20000,0,10489650
526,20000,0,10509650
527,20000,0,10529650
528,20000,0,10549650
529,20000,0,10569650
530,20000,0,10589650
531,20000,0,10609650
532,20000,0,10629650
533,20000,0,10649650
534,20000,0,10669650
535,20000,0,10689650
536,20000,0,10709650
537,20000,0,10729650
538,20000,0,10749650
539,20000,0,10769650
540,20000,0,10789650
541,20000,0,10809650
542,20000,0,10829650
543,20000,0,10849650
544,20000,0,10869650
545,20000,0,10889650
546,20000,0,10909650
547,20000,0,10929650
548,20000,0,10949650
549,20000,0,10969650
550,20000,0,10989650
551,20000,0,11009650
552,20000,0,11029650
553,20000,0,11049650
554,20000,0,11069650
555,20000,0,11089650
556,20000,0,11109650
557,20000,0,11129650
558,20000,0,11149650
559,20000,0,11169650
560,20000,0,11189650
561,20000,0,11209650
562,20000,0,11229650
563,20000,0,11249650
564,20000,0,11269650
565,20000,0,11289650
566,20000,0,11309650
567,20000,0,11329650
568,20000,0,11349650
569,20000,0,11369650
570,20000,0,11389650
571,20000,0,11409650
572,20000,0,11429650
573,20000,0,11449650
574,20000,0,11469650
575,20000,0,11489650
576,20000,0,11509650
577,20000,0,11529650
578,20000,0,11549650
579,20000,0,11569650
580,20000,0,11589650
581,20000,0,11609650
582,20000,0,11629650
583,20000,0,11649650
584,20000,0,11669650
585,20000,0,11689650
586,20000,0,11709650
587,20000,0,11729650
588,20000,0,11749650
589,20000,0,11769650
590,20000,0,11789650
591,20000,0,11809650
592,20000,0,11829650
593,20000,0,11849650
594,20000,0,11869650
595,20000,0,11889650
596,20000,0,11909650
597,20000,0,11929650
598,20000,0,11949650
599,20000,0,11969650
600,20000,0,11989650
601,20000,0,12009650
602,20000,0,12029650
603,20000,0,12049650
604,20000,0,12069650
605,20000,0,12089650
606,20000,0,12109650
607,20000,0,12129650
608,20000,0,12149650
609,20000,0,12169650
610,20000,0,12189650
611,20000,0,12209650
612,20000,0,12229650
613,20000,0,12249650
614,20000,0,12269650
615,20000,0,12289650
